name,address,place_in_rating,average_rating,curl
Рок Паб,"Проспект Пятилеток 8, Санкт-Петербург 193318 Россия",0.6926829268292682,"4,0 ",https://www.tripadvisor.ru/Restaurant_Review-g298507-d8707932-Reviews-Rock_Pub-St_Petersburg_Northwestern_District.html
Ни В Одном Глазу,"переулок Ульяны Громовой, 4, Санкт-Петербург 191036 Россия",0.8620689655172413,"5,0 ",https://www.tripadvisor.ru/Restaurant_Review-g298507-d17534710-Reviews-Ni_v_Odnom_Glazu-St_Petersburg_Northwestern_District.html
Gypsies & Jews,"Ломоносова, 14, Санкт-Петербург 191002 Россия",0.7474150664697193,"5,0 ",https://www.tripadvisor.ru/Restaurant_Review-g298507-d17168829-Reviews-Gypsies_Jews-St_Petersburg_Northwestern_District.html
Blackberry,"Гражданский проспект, 41 лит Б, Санкт-Петербург 195220 Россия",0.0,"4,0 ",https://www.tripadvisor.ru/Restaurant_Review-g298507-d6117806-Reviews-Blackberry-St_Petersburg_Northwestern_District.html
Bazin,"Некрасова, 22, Санкт-Петербург 191014 Россия",0.7518463810930576,"5,0 ",https://www.tripadvisor.ru/Restaurant_Review-g298507-d15117326-Reviews-Bazin-St_Petersburg_Northwestern_District.html
Формула Кино,"Приморский проспект, 72, Санкт-Петербург 197374 Россия",0.7695716395864106,"4,5 ",https://www.tripadvisor.ru/Restaurant_Review-g298507-d8346500-Reviews-Formula_Kino-St_Petersburg_Northwestern_District.html
BLOODY MARY Bar & Grill,"Мучной переулок, 9/27, Санкт-Петербург 191023 Россия",0.004878048780487805,"5,0 ",https://www.tripadvisor.ru/Restaurant_Review-g298507-d10437838-Reviews-BLOODY_MARY_Bar_Grill-St_Petersburg_Northwestern_District.html
Dahongpao,"Маяковского, 40, Санкт-Петербург 191014 Россия",0.574468085106383,"5,0 ",https://www.tripadvisor.ru/Restaurant_Review-g298507-d15221890-Reviews-Dahongpao-St_Petersburg_Northwestern_District.html
Бар СПБ,"Караванная ул., 26/28, Санкт-Петербург 191014 Россия",0.7680945347119645,"3,5 ",https://www.tripadvisor.ru/Restaurant_Review-g298507-d12250624-Reviews-Bar_SPB-St_Petersburg_Northwestern_District.html
Ресто-паб ГУСТАВ,"Чапаева, 18А, Санкт-Петербург 197101 Россия",0.0,"5,0 ",https://www.tripadvisor.ru/Restaurant_Review-g298507-d15768976-Reviews-Resto_Pub_Gustav-St_Petersburg_Northwestern_District.html
Севен,"Невский проспект, 138, Санкт-Петербург 191036 Россия",0.7710487444608567,"4,5 ",https://www.tripadvisor.ru/Restaurant_Review-g298507-d8349537-Reviews-Seven-St_Petersburg_Northwestern_District.html
Korm,"пр. Литейный, 36, Санкт-Петербург Россия",0.7170731707317073,"4,0 ",https://www.tripadvisor.ru/Restaurant_Review-g298507-d8820682-Reviews-Korm-St_Petersburg_Northwestern_District.html
Blackberry Lounge Bar,"Малодетскосельский пр., 28, Санкт-Петербург 190013 Россия",0.842741935483871,"5,0 ",https://www.tripadvisor.ru/Restaurant_Review-g298507-d11893176-Reviews-Blackberry_Lounge_Bar-St_Petersburg_Northwestern_District.html
MadLabBar,"ул. Достоевского, 19/21М, Санкт-Петербург 191119 Россия",0.7112676056338029,"4,0 ",https://www.tripadvisor.ru/Restaurant_Review-g298507-d12621676-Reviews-MadLabBar-St_Petersburg_Northwestern_District.html
Республика Кофе,"Лермонтовский пр., д. 54, Санкт-Петербург 190103 Россия",0.7828125,"4,5 ",https://www.tripadvisor.ru/Restaurant_Review-g298507-d3764588-Reviews-Republic_Of_Coffee-St_Petersburg_Northwestern_District.html
КроликБар,"Беговая, 3, Санкт-Петербург 197374 Россия",0.7917282127031019,"4,0 ",https://www.tripadvisor.ru/Restaurant_Review-g298507-d6119117-Reviews-Krolikbar-St_Petersburg_Northwestern_District.html
Шашлычная,"ул. Маршала Казакова, 7, Санкт-Петербург 198302 Россия",0.8168389955686853,"5,0 ",https://www.tripadvisor.ru/Restaurant_Review-g298507-d8153268-Reviews-Shashlychnaya-St_Petersburg_Northwestern_District.html
Бар.РУ Дисконт,"ул. Большая Московская, 8/2, Санкт-Петербург 191002 Россия",0.7904191616766467,"5,0 ",https://www.tripadvisor.ru/Restaurant_Review-g298507-d10825159-Reviews-Bar_RU_Discount-St_Petersburg_Northwestern_District.html
Оазис,"Лиговский проспект, 110, Санкт-Петербург 191119 Россия",0.8183161004431314,"5,0 ",https://www.tripadvisor.ru/Restaurant_Review-g298507-d8348332-Reviews-Oasis-St_Petersburg_Northwestern_District.html
Дубай,"ул. Садовая, д. 28-30, корп. 1, Санкт-Петербург 191023 Россия",0.8227474150664698,"4,0 ",https://www.tripadvisor.ru/Restaurant_Review-g298507-d6118788-Reviews-Dubai-St_Petersburg_Northwestern_District.html
Cloudy Bay Lounge,"ул. Кропоткина, 15, Санкт-Петербург 197101 Россия",0.0,"5,0 ",https://www.tripadvisor.ru/Restaurant_Review-g298507-d17326807-Reviews-Cloudy_Bay_Lounge-St_Petersburg_Northwestern_District.html
Maximilian Hall,"Балканская площадь, 5 лит Ю, Санкт-Петербург 192281 Россия",0.9285714285714286,"3,0 ",https://www.tripadvisor.ru/Restaurant_Review-g298507-d6182195-Reviews-Maximilian_Hall-St_Petersburg_Northwestern_District.html
Хоп Хоуп,"Владимирский, 15, Санкт-Петербург 191002 Россия",0.81875,"3,5 ",https://www.tripadvisor.ru/Restaurant_Review-g298507-d7695380-Reviews-Hop_Hope-St_Petersburg_Northwestern_District.html
Шале,"Чапаева, 2, Санкт-Петербург 197046 Россия",0.821875,"5,0 ",https://www.tripadvisor.ru/Restaurant_Review-g298507-d6120238-Reviews-Chalet-St_Petersburg_Northwestern_District.html
Eurasia,"Nevsky Prospect, 42, Санкт-Петербург Россия",0.0,"3,5 ",https://www.tripadvisor.ru/Restaurant_Review-g298507-d17216162-Reviews-Eurasia-St_Petersburg_Northwestern_District.html
Easy bar,"Приморское шоссе, 1 лит С, Сестрорецк, Санкт-Петербург 197706 Россия",1.0,"5,0 ",https://www.tripadvisor.ru/Restaurant_Review-g2345793-d6117745-Reviews-Easy_Bar-Sestroretsk_Kurortny_District_St_Petersburg_Northwestern_District.html
Голос,"Бухарестская, 96, Санкт-Петербург 192238 Россия",0.8537666174298375,"3,5 ",https://www.tripadvisor.ru/Restaurant_Review-g298507-d8346651-Reviews-Golos-St_Petersburg_Northwestern_District.html
Зис,"Ленсовета, 36, Санкт-Петербург 196143 Россия",0.8596750369276218,"4,0 ",https://www.tripadvisor.ru/Restaurant_Review-g298507-d8351649-Reviews-Zis-St_Petersburg_Northwestern_District.html
Эпсилон,"ул. Ломоносова, 13, Санкт-Петербург 191002 Россия",0.8611521418020679,"4,0 ",https://www.tripadvisor.ru/Restaurant_Review-g298507-d6706441-Reviews-Epsilon-St_Petersburg_Northwestern_District.html
Аверс паб,"ул. Восстания, 42А, Санкт-Петербург 191123 Россия",0.0,"5,0 ",https://www.tripadvisor.ru/Restaurant_Review-g298507-d12211445-Reviews-Avers_Pub-St_Petersburg_Northwestern_District.html
Рис на Бис!,"Тобольская, 12, Санкт-Петербург 194044 Россия",0.0,"4,0 ",https://www.tripadvisor.ru/Restaurant_Review-g298507-d8349231-Reviews-Rice_Na_Bis-St_Petersburg_Northwestern_District.html
Ресторан VSЁХОРОШО!,"ул. Бухарестская, 31, Санкт-Петербург 192071 Россия",0.010479041916167664,"4,5 ",https://www.tripadvisor.ru/Restaurant_Review-g298507-d11677913-Reviews-Vse_Khorosho_Restaurant_Club-St_Petersburg_Northwestern_District.html
"Гастробар ""KoraDuba""","переулок Гривцова д.20, Санкт-Петербург 191028 Россия",0.01347305389221557,"4,5 ",https://www.tripadvisor.ru/Restaurant_Review-g298507-d12086456-Reviews-Gastrobar_KoraDuba-St_Petersburg_Northwestern_District.html
Фарш и бочка,"ул. Белинского, 11, Санкт-Петербург 191014 Россия",0.02195121951219512,"4,5 ",https://www.tripadvisor.ru/Restaurant_Review-g298507-d7272180-Reviews-Farsh_Bochka-St_Petersburg_Northwestern_District.html
FULL HOUSE Restobar,"Наб. Канала Грибоедова, 27 Санкт-Петербург, Санкт-Петербург 191186 Россия",0.024390243902439025,"5,0 ",https://www.tripadvisor.ru/Restaurant_Review-g298507-d10459870-Reviews-FULL_HOUSE_Restobar-St_Petersburg_Northwestern_District.html
Ресторан VSЁХОРОШО!,"пр. Науки, 38, Санкт-Петербург 195252 Россия",0.05030181086519115,"4,5 ",https://www.tripadvisor.ru/Restaurant_Review-g298507-d7220819-Reviews-VSEKHOROSHO_Club_Restaurant-St_Petersburg_Northwestern_District.html
Al Capone Bar,"ул. Жуковского, 7, Санкт-Петербург Россия",0.08682634730538923,"4,5 ",https://www.tripadvisor.ru/Restaurant_Review-g298507-d12144989-Reviews-Al_Capone_Bar-St_Petersburg_Northwestern_District.html
КвакИнн,"ул. Звенигородская, д. 2/44, Санкт-Петербург 191119 Россия",0.058823529411764705,"4,5 ",https://www.tripadvisor.ru/Restaurant_Review-g298507-d6819507-Reviews-Kwakinn-St_Petersburg_Northwestern_District.html
Чешская пивоварня Старгород,"ул. Казанская, д. 7, Санкт-Петербург 191186 Россия",0.07142857142857142,"4,5 ",https://www.tripadvisor.ru/Restaurant_Review-g298507-d6785357-Reviews-Stargorod_Czech_Brewery-St_Petersburg_Northwestern_District.html
Цветочки,"Некрасова, 17, Санкт-Петербург 191014 Россия",0.0,"4,5 ",https://www.tripadvisor.ru/Restaurant_Review-g298507-d6684689-Reviews-Tsvetochki-St_Petersburg_Northwestern_District.html
Бар Pinch,"Белинского улица, дом 5, Санкт-Петербург 191014 Россия",0.0,"4,0 ",https://www.tripadvisor.ru/Restaurant_Review-g298507-d10521357-Reviews-Pinch_Bar-St_Petersburg_Northwestern_District.html
Mr. Rowdy & Co,"ул. Рубинштейна, 27, Санкт-Петербург 191002 Россия",0.06097560975609756,"5,0 ",https://www.tripadvisor.ru/Restaurant_Review-g298507-d14109457-Reviews-Mr_Rowdy_Co-St_Petersburg_Northwestern_District.html
Redrum,"ул. Некрасова, 26, Санкт-Петербург Россия",0.11816838995568685,"4,5 ",https://www.tripadvisor.ru/Restaurant_Review-g298507-d7644389-Reviews-Redrum-St_Petersburg_Northwestern_District.html
Эл Копитас,"Колокольная, 2, Санкт-Петербург 191025 Россия",0.17142857142857143,"4,5 ",https://www.tripadvisor.ru/Restaurant_Review-g298507-d8346283-Reviews-El_Copitas-St_Petersburg_Northwestern_District.html
ART LAB MEDOVARUS,"Мучной переулок, 5, Санкт-Петербург 191023 Россия",0.1024390243902439,"5,0 ",https://www.tripadvisor.ru/Restaurant_Review-g298507-d15816700-Reviews-Art_Lab_Medovarus-St_Petersburg_Northwestern_District.html
Punk Brew,"ул. Рубинштеина, 9, Санкт-Петербург Россия",0.1964549483013294,"4,0 ",https://www.tripadvisor.ru/Restaurant_Review-g298507-d9580274-Reviews-Punk_Brew-St_Petersburg_Northwestern_District.html
Пиворама,"Просвещения проспект, 19 лит А, Санкт-Петербург 194356 Россия",0.11468812877263582,"4,0 ",https://www.tripadvisor.ru/Restaurant_Review-g298507-d6119503-Reviews-Pivorama-St_Petersburg_Northwestern_District.html
НЕКАНОН,"Лиговский проспект, 50/6, Санкт-Петербург 191040 Россия",0.0,"5,0 ",https://www.tripadvisor.ru/Restaurant_Review-g298507-d15710497-Reviews-NEKANON-St_Petersburg_Northwestern_District.html
Fillin' Good,"Жуковского, 28, Санкт-Петербург 191014 Россия",0.2171344165435746,"4,5 ",https://www.tripadvisor.ru/Restaurant_Review-g298507-d14944385-Reviews-Fillin_Good-St_Petersburg_Northwestern_District.html
"Бар ""Дружба""","ул.Звездная, 2, Санкт-Петербург Россия",0.16341463414634147,"4,0 ",https://www.tripadvisor.ru/Restaurant_Review-g298507-d8819239-Reviews-Gastrobar_Druzhba-St_Petersburg_Northwestern_District.html
Лет Ит Бар,"реки Фонтанки наб., 9, Санкт-Петербург 191011 Россия",0.22304283604135894,"4,5 ",https://www.tripadvisor.ru/Restaurant_Review-g298507-d7695405-Reviews-LET_IT_BAR-St_Petersburg_Northwestern_District.html
Бельгийская брассерия Палм,"ул. Большая Kонюшенная, 29, Санкт-Петербург 191186 Россия",0.2549019607843137,"4,5 ",https://www.tripadvisor.ru/Restaurant_Review-g298507-d7236902-Reviews-Belgian_Brasserie_Palm-St_Petersburg_Northwestern_District.html
Barking Raccoon,"Наб. реки Фонтанки, 59, Санкт-Петербург 191023 Россия",0.25,"4,5 ",https://www.tripadvisor.ru/Restaurant_Review-g298507-d10461844-Reviews-Barking_Raccoon-St_Petersburg_Northwestern_District.html
Сайгон,"ул. Рубинштейна, 1, Санкт-Петербург 191025 Россия",0.26292466765140327,"4,5 ",https://www.tripadvisor.ru/Restaurant_Review-g298507-d8274268-Reviews-Saigon-St_Petersburg_Northwestern_District.html
Пурга,"Фонтанки р. наб., д. 11, Санкт-Петербург 191011 Россия",0.29098966026587886,"4,0 ",https://www.tripadvisor.ru/Restaurant_Review-g298507-d3771167-Reviews-Purga-St_Petersburg_Northwestern_District.html
Рюмочная на Боровой,"Боровая, 6, Санкт-Петербург 191119 Россия",0.20920502092050208,"5,0 ",https://www.tripadvisor.ru/Restaurant_Review-g298507-d15038535-Reviews-Ryumochnaya_na_Borovoi-St_Petersburg_Northwestern_District.html
Ягер рестопаб,"Невский пр., 84-86, Санкт-Петербург Россия",0.2413793103448276,"4,5 ",https://www.tripadvisor.ru/Restaurant_Review-g298507-d10021776-Reviews-Jager_restopub-St_Petersburg_Northwestern_District.html
Jazz Bar 48 Chairs,"ул. Большая Конюшенная, 2, Санкт-Петербург 191186 Россия",0.0,"4,0 ",https://www.tripadvisor.ru/Restaurant_Review-g298507-d11797990-Reviews-Jazz_Bar_48_Chairs-St_Petersburg_Northwestern_District.html
Warszawa Bar,"ул. Казанская, д. 11, Санкт-Петербург 191186 Россия",0.3353028064992615,"4,5 ",https://www.tripadvisor.ru/Restaurant_Review-g298507-d3768670-Reviews-Warszawa_Bar-St_Petersburg_Northwestern_District.html
"Мама, Я Не Пил","ул. Пестеля, 21, Санкт-Петербург 191028 Россия",0.3500738552437223,"5,0 ",https://www.tripadvisor.ru/Restaurant_Review-g298507-d12273049-Reviews-Mama_Ya_Ne_Pil-St_Petersburg_Northwestern_District.html
TeslaBar,"Ул. Рубинштейна, 30, Санкт-Петербург 191002 Россия",0.35302806499261447,"3,5 ",https://www.tripadvisor.ru/Restaurant_Review-g298507-d7785744-Reviews-TeslaBar-St_Petersburg_Northwestern_District.html
Big Wine Freaks,"ул. Инструментальная, 3, Санкт-Петербург 197022 Россия",0.0,"4,0 ",https://www.tripadvisor.ru/Restaurant_Review-g298507-d8004693-Reviews-Big_Wine_Freaks-St_Petersburg_Northwestern_District.html
Tangiers Lounge,"улица Гастелло, 22Б, Санкт-Петербург 196135 Россия",0.0,"5,0 ",https://www.tripadvisor.ru/Restaurant_Review-g298507-d14051748-Reviews-Tangiers_Lounge-St_Petersburg_Northwestern_District.html
The Playground,"Ломоносова,1, Санкт-Петербург 191023 Россия",0.23742454728370221,"5,0 ",https://www.tripadvisor.ru/Restaurant_Review-g298507-d10392889-Reviews-The_Playground-St_Petersburg_Northwestern_District.html
Санни Джорджиа,"ул. Туристская, 22, Санкт-Петербург 197082 Россия",0.3988183161004431,"4,5 ",https://www.tripadvisor.ru/Restaurant_Review-g298507-d8376965-Reviews-Sunny_Georgia-St_Petersburg_Northwestern_District.html
Pub Black Beer,"пр. Стачек, 55, Санкт-Петербург 198096 Россия",0.3484375,"4,0 ",https://www.tripadvisor.ru/Restaurant_Review-g298507-d7605715-Reviews-Pub_Black_Beer-St_Petersburg_Northwestern_District.html
Бир Хаус,"ул. Марата, 2, Санкт-Петербург Россия",0.3263473053892216,"4,0 ",https://www.tripadvisor.ru/Restaurant_Review-g298507-d10053677-Reviews-Beer_House-St_Petersburg_Northwestern_District.html
HI SO TERRACE,"Voznesenskiy Ave., 6, Санкт-Петербург 190000 Россия",0.0,"4,0 ",https://www.tripadvisor.ru/Restaurant_Review-g298507-d14803068-Reviews-HI_SO_TERRACE-St_Petersburg_Northwestern_District.html
Пирс 8/4,"Советская 8-я, 4, Санкт-Петербург 191036 Россия",0.0,"4,5 ",https://www.tripadvisor.ru/Restaurant_Review-g298507-d8348724-Reviews-Pirs-St_Petersburg_Northwestern_District.html
Вместе,"Ленинский пр-т, 119, Санкт-Петербург 198207 Россия",0.4815361890694239,"3,5 ",https://www.tripadvisor.ru/Restaurant_Review-g298507-d8542090-Reviews-Vmeste-St_Petersburg_Northwestern_District.html
Хука Плейс,"Полтавская, 8, Санкт-Петербург 191024 Россия",0.4844903988183161,"4,0 ",https://www.tripadvisor.ru/Restaurant_Review-g298507-d8346807-Reviews-Hookah_Place-St_Petersburg_Northwestern_District.html
Дискавери Бар-ресторан,"ул. Большая Пушкарская, 30, Санкт-Петербург 197198 Россия",0.0,"4,5 ",https://www.tripadvisor.ru/Restaurant_Review-g298507-d10427803-Reviews-Discovery-St_Petersburg_Northwestern_District.html
Коркули,"Гофмейстерская, 2, Петергоф, Санкт-Петербург 198510 Россия",0.5,"4,0 ",https://www.tripadvisor.ru/Restaurant_Review-g1207894-d6182182-Reviews-Korkuli-Peterhof_Petrodvortsovy_District_St_Petersburg_Northwestern_District.html
Cuba libre,"ул. Садовая, д. 7-9-11, Санкт-Петербург 191011 Россия",0.3073170731707317,"4,0 ",https://www.tripadvisor.ru/Restaurant_Review-g298507-d6782121-Reviews-Cuba_Libre_bar-St_Petersburg_Northwestern_District.html
SПБ,"пр. Владимирский, 15, Санкт-Петербург 191002 Россия",0.5051698670605613,"4,5 ",https://www.tripadvisor.ru/Restaurant_Review-g298507-d11875087-Reviews-SPB-St_Petersburg_Northwestern_District.html
Модильяни,"ул. Малая Десятинная, 11, Санкт-Петербург 197375 Россия",0.4026946107784431,"5,0 ",https://www.tripadvisor.ru/Restaurant_Review-g298507-d14181907-Reviews-Modigliani-St_Petersburg_Northwestern_District.html
Beer & Cakes,"ул. Краснодонская, 4, Санкт-Петербург 195027 Россия",0.0,"5,0 ",https://www.tripadvisor.ru/Restaurant_Review-g298507-d11872548-Reviews-Beer_Cakes-St_Petersburg_Northwestern_District.html
Толстый Фраер,"Луначарского проспект, д. 46, Санкт-Петербург 194356 Россия",0.475,"4,0 ",https://www.tripadvisor.ru/Restaurant_Review-g298507-d6182281-Reviews-Tolsty_Frayer-St_Petersburg_Northwestern_District.html
"Ирландский паб ""Дублин""","Проспект Пятилеток, 2, Санкт-Петербург 193318 Россия",0.7241379310344828,"3,5 ",https://www.tripadvisor.ru/Restaurant_Review-g298507-d7997665-Reviews-Dublin_Irish_Pub-St_Petersburg_Northwestern_District.html
WINEPROJECTOR bar,"Кадетская линия В. О., 31, Санкт-Петербург 199004 Россия",0.0,"5,0 ",https://www.tripadvisor.ru/Restaurant_Review-g298507-d15154739-Reviews-WINEPROJECTOR_bar-St_Petersburg_Northwestern_District.html
Заходи Генацвале,"Большая Пороховская, 10, Санкт-Петербург 195027 Россия",0.0,"4,0 ",https://www.tripadvisor.ru/Restaurant_Review-g298507-d7695522-Reviews-Zakhodi_Genatsvale-St_Petersburg_Northwestern_District.html
Джаз Бар,"Рубинштейна, 5, Санкт-Петербург 191025 Россия",0.5046875,"4,0 ",https://www.tripadvisor.ru/Restaurant_Review-g298507-d7695384-Reviews-Jazz_Bar-St_Petersburg_Northwestern_District.html
Азиана,"Торфяная дорога, 7 лит. А, Санкт-Петербург 197374 Россия",0.5731166912850812,"4,5 ",https://www.tripadvisor.ru/Restaurant_Review-g298507-d8344464-Reviews-Aziana-St_Petersburg_Northwestern_District.html
Культурная Столица,"Белинского, 9, Санкт-Петербург 191014 Россия",0.0,"4,5 ",https://www.tripadvisor.ru/Restaurant_Review-g298507-d8347469-Reviews-Kulturnaya_Stolitsa-St_Petersburg_Northwestern_District.html
DovLaTov бар,"Рубинштейна, 27 Вход в арку, Санкт-Петербург 191002 Россия",0.6782608695652174,"4,0 ",https://www.tripadvisor.ru/Restaurant_Review-g298507-d15360393-Reviews-DovLaTov_Bar-St_Petersburg_Northwestern_District.html
Gypsies & Jews,"Ломоносова, 14, Санкт-Петербург 191002 Россия",0.5819793205317577,"4,5 ",https://www.tripadvisor.ru/Restaurant_Review-g298507-d17168819-Reviews-Gypsies_Jews-St_Petersburg_Northwestern_District.html
ГастроПаб Kwakoff,"Ушаковская набережная, 3/2, Санкт-Петербург 197342 Россия",0.0,"5,0 ",https://www.tripadvisor.ru/Restaurant_Review-g298507-d19932133-Reviews-GastroPub_Kwakoff-St_Petersburg_Northwestern_District.html
Raw Materials Bar,"ул. Жуковского 10, Санкт-Петербург 191014 Россия",0.6347826086956522,"5,0 ",https://www.tripadvisor.ru/Restaurant_Review-g298507-d12230893-Reviews-Raw_Materials_Bar-St_Petersburg_Northwestern_District.html
Монополь,"Невский пр., 105, Санкт-Петербург Россия",0.0,"4,5 ",https://www.tripadvisor.ru/Restaurant_Review-g298507-d9975107-Reviews-Monopol-St_Petersburg_Northwestern_District.html
Бар Do Immigration,"ул. Восстания, 24, Санкт-Петербург 191014 Россия",0.7252747252747253,"4,5 ",https://www.tripadvisor.ru/Restaurant_Review-g298507-d6366551-Reviews-Do_Immigration_Wine_Bar-St_Petersburg_Northwestern_District.html
Гриззли,"Московский, 7, Санкт-Петербург 196158 Россия",0.54375,"4,5 ",https://www.tripadvisor.ru/Restaurant_Review-g298507-d7695377-Reviews-Grizzly-St_Petersburg_Northwestern_District.html
Склад Pub&Kitchen,"Ленинский проспект, 104, Санкт-Петербург 198303 Россия",0.5014970059880239,"5,0 ",https://www.tripadvisor.ru/Restaurant_Review-g298507-d17560828-Reviews-Sklad_Pub_Kitchen-St_Petersburg_Northwestern_District.html
Hoppy Cat,"Московский проспект, 183-185А, Санкт-Петербург 191000 Россия",0.4658536585365854,"5,0 ",https://www.tripadvisor.ru/Restaurant_Review-g298507-d15091442-Reviews-Hoppy_Cat-St_Petersburg_Northwestern_District.html
Bermudy,"Банковский пер.6, Санкт-Петербург 191023 Россия",0.6292466765140325,"4,0 ",https://www.tripadvisor.ru/Restaurant_Review-g298507-d6867752-Reviews-Bermudy-St_Petersburg_Northwestern_District.html
WINEFINE bar,"Малый проспект В.О., 15, Санкт-Петербург 199178 Россия",0.6144578313253012,"5,0 ",https://www.tripadvisor.ru/Restaurant_Review-g298507-d15866130-Reviews-WINEFINE_bar-St_Petersburg_Northwestern_District.html
Бар Карабас,"Поварской переулок, 14, Санкт-Петербург 191025 Россия",0.578125,"4,0 ",https://www.tripadvisor.ru/Restaurant_Review-g298507-d15136987-Reviews-Karabas_Bar-St_Petersburg_Northwestern_District.html
Блуждающий Форвард,"ул. Всеволода Вишневского, 3, Санкт-Петербург 197136 Россия",0.0,"4,0 ",https://www.tripadvisor.ru/Restaurant_Review-g298507-d13814847-Reviews-Bluzhdayushhiy_Forward-St_Petersburg_Northwestern_District.html
Треска,"наб. Реки Фонтанки, 20, Санкт-Петербург 191028 Россия",0.58125,"3,5 ",https://www.tripadvisor.ru/Restaurant_Review-g298507-d10845037-Reviews-Treska-St_Petersburg_Northwestern_District.html
Учкудук,"9-я линия В.О., 16, Санкт-Петербург 199004 Россия",0.6395864106351551,"4,5 ",https://www.tripadvisor.ru/Restaurant_Review-g298507-d8350912-Reviews-Uchkuduk-St_Petersburg_Northwestern_District.html
BM4,"ул. Большая Морская, 4, Санкт-Петербург 190000 Россия",0.5568862275449101,"4,0 ",https://www.tripadvisor.ru/Restaurant_Review-g298507-d17622766-Reviews-BM4-St_Petersburg_Northwestern_District.html
Бар На Моховой,"ул. Моховая, д. 27-29, Санкт-Петербург 191028 Россия",0.6469719350073855,"4,5 ",https://www.tripadvisor.ru/Restaurant_Review-g298507-d6366396-Reviews-Bar_Na_Mokhovoi-St_Petersburg_Northwestern_District.html
У Швейка,"Набережная реки Фонтанки, 38, Санкт-Петербург 191025 Россия",0.0,"5,0 ",https://www.tripadvisor.ru/Restaurant_Review-g298507-d19256989-Reviews-U_Shveyka-St_Petersburg_Northwestern_District.html
Репин Бар,"ул. Большая Пушкарская, 50, Санкт-Петербург 197101 Россия",0.49712643678160917,"4,5 ",https://www.tripadvisor.ru/Restaurant_Review-g298507-d12396714-Reviews-Repin_Bar-St_Petersburg_Northwestern_District.html
The Americano,"Конюшенная площадь, 2 лит А, Санкт-Петербург 191186 Россия",0.6691285081240768,"4,0 ",https://www.tripadvisor.ru/Restaurant_Review-g298507-d6118281-Reviews-The_Americano-St_Petersburg_Northwestern_District.html
КРАФТ БАР 1/4 Пинты,"Константина Заслонова, 25, Санкт-Петербург 191119 Россия",0.6785714285714286,"5,0 ",https://www.tripadvisor.ru/Restaurant_Review-g298507-d17378184-Reviews-Craft_Bar_1_4_Pinty-St_Petersburg_Northwestern_District.html
Швабен Келлер,"Канала Грибоедова наб., 5, Санкт-Петербург 191186 Россия",0.634375,"3,5 ",https://www.tripadvisor.ru/Restaurant_Review-g298507-d7695460-Reviews-Shwaben_Keller-St_Petersburg_Northwestern_District.html
Фк Барселона,"Римского-Корсакова проспект, 15, Санкт-Петербург 190068 Россия",0.6853766617429837,"4,5 ",https://www.tripadvisor.ru/Restaurant_Review-g298507-d8346438-Reviews-Fc_Barcelona-St_Petersburg_Northwestern_District.html
Тапрум Бир Шоп & Бар,"Композиторов, 12а, Санкт-Петербург 194355 Россия",0.6883308714918759,"4,5 ",https://www.tripadvisor.ru/Restaurant_Review-g298507-d8350520-Reviews-Taproom_Beer_Shop_Bar-St_Petersburg_Northwestern_District.html
Rock Pub,"Коломяжский проспект, 15-2, Санкт-Петербург Россия",0.646875,"4,0 ",https://www.tripadvisor.ru/Restaurant_Review-g298507-d7272192-Reviews-Rock_Pub-St_Petersburg_Northwestern_District.html
Fusion Food & Beer,"Мосина, 8, Сестрорецк, Санкт-Петербург 197706 Россия",0.4411764705882353,"4,5 ",https://www.tripadvisor.ru/Restaurant_Review-g2345793-d14983549-Reviews-Fusion_Food_Beer-Sestroretsk_Kurortny_District_St_Petersburg_Northwestern_Distr.html
BarO'Beer,"Большая Московская, 9, Санкт-Петербург 191002 Россия",0.5951219512195122,"4,5 ",https://www.tripadvisor.ru/Restaurant_Review-g298507-d12128625-Reviews-BarO_Beer-St_Petersburg_Northwestern_District.html
Дженга Бар,"ул.Кораблестроителей 32/3 Вход с Флагманской улицы, Санкт-Петербург 199397 Россия",0.5502873563218391,"5,0 ",https://www.tripadvisor.ru/Restaurant_Review-g298507-d14769175-Reviews-Jenga_Bar-St_Petersburg_Northwestern_District.html
Небарщи,"Ковенский переулок, 22, Санкт-Петербург 191014 Россия",0.6971935007385525,"5,0 ",https://www.tripadvisor.ru/Restaurant_Review-g298507-d14096202-Reviews-Nebarshhi-St_Petersburg_Northwestern_District.html
Illi Lounge Bar,"ул. Красного Курсанта, 5/11, Санкт-Петербург Россия",0.0,"4,5 ",https://www.tripadvisor.ru/Restaurant_Review-g298507-d11797733-Reviews-Illi_Lounge_Bar-St_Petersburg_Northwestern_District.html
Республика Кофе,"Московский пр., д. 206, Санкт-Петербург 196066 Россия",0.6625,"4,0 ",https://www.tripadvisor.ru/Restaurant_Review-g298507-d3775311-Reviews-Republic_Of_Coffee-St_Petersburg_Northwestern_District.html
Koda Bar,"пр-кт Энгельса, 124А, Санкт-Петербург 198218 Россия",0.6796407185628742,"5,0 ",https://www.tripadvisor.ru/Restaurant_Review-g298507-d12010299-Reviews-Koda_Bar-St_Petersburg_Northwestern_District.html
Таверна,"Кемская, 1ж, Санкт-Петербург 197110 Россия",0.69375,"4,5 ",https://www.tripadvisor.ru/Restaurant_Review-g298507-d6119893-Reviews-Tavern-St_Petersburg_Northwestern_District.html
Blinders Bottle shop,"Набережная Канала Грибоедова, 26, Санкт-Петербург 191186 Россия",0.0,"4,0 ",https://www.tripadvisor.ru/Restaurant_Review-g298507-d15364580-Reviews-Blinders_Bottle_shop-St_Petersburg_Northwestern_District.html
Формула Кино,"Лиговский проспект, 30, Санкт-Петербург 191040 Россия",0.7311669128508124,"3,5 ",https://www.tripadvisor.ru/Restaurant_Review-g298507-d8346499-Reviews-Formula_Kino-St_Petersburg_Northwestern_District.html
Тара Бруч,"ул. Торжковская, 6, Санкт-Петербург 197342 Россия",0.7326440177252584,"4,5 ",https://www.tripadvisor.ru/Restaurant_Review-g298507-d11488061-Reviews-Tara_Brooch-St_Petersburg_Northwestern_District.html
Талер,"Конюшенная, 29, Пушкин, Санкт-Петербург 196601 Россия",0.875,"4,0 ",https://www.tripadvisor.ru/Restaurant_Review-g811323-d6117714-Reviews-Taler-Pushkin_Pushkinsky_District_St_Petersburg_Northwestern_District.html
Авто-Ретро,"Афонская, 1 корп. 2, Санкт-Петербург 197341 Россия",0.8670605612998523,"4,0 ",https://www.tripadvisor.ru/Restaurant_Review-g298507-d8344429-Reviews-Auto_Retro-St_Petersburg_Northwestern_District.html
Джуси Смок,"Луначарского проспект, 15 корп. 1, Санкт-Петербург 194354 Россия",0.8714918759231906,"3,5 ",https://www.tripadvisor.ru/Restaurant_Review-g298507-d8346942-Reviews-Juicy_Smoke-St_Petersburg_Northwestern_District.html
КроликБар,"Академика Лебедева, 15, Санкт-Петербург 195009 Россия",0.9010339734121122,"3,0 ",https://www.tripadvisor.ru/Restaurant_Review-g298507-d6119116-Reviews-Krolikbar-St_Petersburg_Northwestern_District.html
Долинск,"ул. Пулковская, д. 2, корп. 1, Санкт-Петербург 196158 Россия",0.9010339734121122,"3,0 ",https://www.tripadvisor.ru/Restaurant_Review-g298507-d3759242-Reviews-Dolinsk-St_Petersburg_Northwestern_District.html
Синдерелла,"Невский проспект, 74, Санкт-Петербург 191025 Россия",0.880354505169867,"3,5 ",https://www.tripadvisor.ru/Restaurant_Review-g298507-d8345773-Reviews-Cinderella-St_Petersburg_Northwestern_District.html
Очаг,"Репищева, 14г, Санкт-Петербург 197349 Россия",0.8788774002954209,"4,0 ",https://www.tripadvisor.ru/Restaurant_Review-g298507-d8348365-Reviews-Ochag-St_Petersburg_Northwestern_District.html
Максбирхаус,"Балканская площадь, 5 корп. 3, Санкт-Петербург 192281 Россия",0.9010339734121122,"3,0 ",https://www.tripadvisor.ru/Restaurant_Review-g298507-d8347930-Reviews-Maxbeerhouse-St_Petersburg_Northwestern_District.html
"Ресторан Пивоварня ""202""","Приморское шоссе, 202, Сестрорецк, Санкт-Петербург 197706 Россия",1.0,"3,0 ",https://www.tripadvisor.ru/Restaurant_Review-g2345793-d8819800-Reviews-Restaurant_Brewery_202-Sestroretsk_Kurortny_District_St_Petersburg_Northwestern_.html
Blackberry,"Коломяжский проспект, 17 к1, Санкт-Петербург 197341 Россия",0.930576070901034,"3,0 ",https://www.tripadvisor.ru/Restaurant_Review-g298507-d6117981-Reviews-Blackberry-St_Petersburg_Northwestern_District.html
Beermingham,"Выборгское шоссе, 15, ТЦ Авеню, 2 этаж, Санкт-Петербург 194355 Россия",0.909375,"3,0 ",https://www.tripadvisor.ru/Restaurant_Review-g298507-d6940859-Reviews-Beermingham-St_Petersburg_Northwestern_District.html
Клуб-бар Fever,"Кадетская линия , д. 19, Санкт-Петербург Россия",0.9231905465288035,"3,5 ",https://www.tripadvisor.ru/Restaurant_Review-g298507-d3759721-Reviews-Club_Bar_Fever-St_Petersburg_Northwestern_District.html
1000 И 1,"Культуры проспект, д. 29, корп. 1, Санкт-Петербург 195276 Россия",0.9350073855243722,"2,0 ",https://www.tripadvisor.ru/Restaurant_Review-g298507-d8441225-Reviews-1000_I_1-St_Petersburg_Northwestern_District.html
Пивной Бар Канн,"Новочеркасский пр-т, 34, Санкт-Петербург 195112 Россия",0.9359375,"2,0 ",https://www.tripadvisor.ru/Restaurant_Review-g298507-d7695426-Reviews-Pivnoi_Bar_Kann-St_Petersburg_Northwestern_District.html
БуратиноБар,"наб. Pеки Мойки, 67, Санкт-Петербург 191186 Россия",0.0,"2,5 ",https://www.tripadvisor.ru/Restaurant_Review-g298507-d12086475-Reviews-BuratinoBar-St_Petersburg_Northwestern_District.html
Гризли Бар,"Невский проспект, 96, Санкт-Петербург 191025 Россия",0.9170731707317074,"4,0 ",https://www.tripadvisor.ru/Restaurant_Review-g298507-d4308114-Reviews-Grizzly_Bar-St_Petersburg_Northwestern_District.html
Гриль Репаблик,"Тепловозная, 34, Санкт-Петербург 192177 Россия",0.9243902439024391,"2,5 ",https://www.tripadvisor.ru/Restaurant_Review-g298507-d7695371-Reviews-Grill_Republic-St_Petersburg_Northwestern_District.html
Msmbar,"Пискаревский пр., 1, Санкт-Петербург 195027 Россия",0.0,"2,0 ",https://www.tripadvisor.ru/Restaurant_Review-g298507-d18343531-Reviews-Msmbar-St_Petersburg_Northwestern_District.html
Жабар,"Комиссара Смирнова, 5/7, Санкт-Петербург 195009 Россия",0.9542097488921714,"2,0 ",https://www.tripadvisor.ru/Restaurant_Review-g298507-d8351598-Reviews-Zhabar-St_Petersburg_Northwestern_District.html
У Портоса,"Тихорецкий проспект, 15 к1, Санкт-Петербург 194064 Россия",0.9527326440177253,"2,5 ",https://www.tripadvisor.ru/Restaurant_Review-g298507-d6120018-Reviews-U_Portosa-St_Petersburg_Northwestern_District.html
Бар Явка Шпионки,"Набережная Канала Грибоедова, 28/1, Санкт-Петербург 191186 Россия",0.0,"4,0 ",https://www.tripadvisor.ru/Restaurant_Review-g298507-d14780611-Reviews-Yavka_Shpionki_Bar-St_Petersburg_Northwestern_District.html
Пим,"Туристская, 30 корп. 1, Санкт-Петербург 197082 Россия",0.9586410635155096,"1,0 ",https://www.tripadvisor.ru/Restaurant_Review-g298507-d8348696-Reviews-Pim-St_Petersburg_Northwestern_District.html
The DogWalk Bar & CatWalk Stage,"ул.Гражданская улица 13-15 Бертгольд Центр, Санкт-Петербург 190031 Россия",0.0,"3,5 ",https://www.tripadvisor.ru/Restaurant_Review-g298507-d14643466-Reviews-The_DogWalk_Bar_CatWalk_Stage-St_Petersburg_Northwestern_District.html
Classico Bar & Cafe,"ул. Типанова , 18, Санкт-Петербург 196135 Россия",1.0,"5,0 ",https://www.tripadvisor.ru/Restaurant_Review-g298507-d7997809-Reviews-Classico_Bar_Cafe-St_Petersburg_Northwestern_District.html
Руки Вверх бар,"Набережная канала Грибоедова, д. 28, Санкт-Петербург 191011 Россия",1.0,"3,5 ",https://www.tripadvisor.ru/Restaurant_Review-g298507-d4497140-Reviews-Ruki_Vverh_Bar-St_Petersburg_Northwestern_District.html
Шале,"Лизы Чайкиной, 18, Санкт-Петербург 197198 Россия",0.0,0,https://www.tripadvisor.ru/Restaurant_Review-g298507-d6120244-Reviews-Chalet-St_Petersburg_Northwestern_District.html
Паб-Гавань,"Приморский проспект, 137 к1, Санкт-Петербург 197374 Россия",0.0,0,https://www.tripadvisor.ru/Restaurant_Review-g298507-d6119455-Reviews-Pub_Gavan-St_Petersburg_Northwestern_District.html
Pablo Hookahbar,"ул.Савушкина 121/2, Санкт-Петербург 197374 Россия",0.0,0,https://www.tripadvisor.ru/Restaurant_Review-g298507-d14184129-Reviews-Pablo_Hookahbar-St_Petersburg_Northwestern_District.html
Black Books Bar,"ул. Рубенштейна, 29/28, Санкт-Петербург 191002 Россия",0.9929577464788732,"5,0 ",https://www.tripadvisor.ru/Restaurant_Review-g298507-d13875688-Reviews-Black_Books_Bar-St_Petersburg_Northwestern_District.html
БарРжу,"Лиговский проспект, 51, Санкт-Петербург 191040 Россия",0.0,0,https://www.tripadvisor.ru/Restaurant_Review-g298507-d6118553-Reviews-BarRzhu-St_Petersburg_Northwestern_District.html
Рино,"Королёва проспект, 63 корп. 2, Санкт-Петербург 197350 Россия",0.0,0,https://www.tripadvisor.ru/Restaurant_Review-g298507-d8349283-Reviews-Rino-St_Petersburg_Northwestern_District.html
Рифа,"Трефолева, 11, Санкт-Петербург 198095 Россия",0.0,0,https://www.tripadvisor.ru/Restaurant_Review-g298507-d8349235-Reviews-Rifa-St_Petersburg_Northwestern_District.html
Политработник,"Гжатская, 22 корп. 4, Санкт-Петербург 195220 Россия",0.0,0,https://www.tripadvisor.ru/Restaurant_Review-g298507-d8348989-Reviews-Politrabotnik-St_Petersburg_Northwestern_District.html
Пивариус,"Авиаконструкторов проспект, 49, Санкт-Петербург 197373 Россия",0.0,0,https://www.tripadvisor.ru/Restaurant_Review-g298507-d8348746-Reviews-Pivarius-St_Petersburg_Northwestern_District.html
Носорог,"Ломоносова, 1, Санкт-Петербург 191011 Россия",0.0,0,https://www.tripadvisor.ru/Restaurant_Review-g298507-d8348304-Reviews-Nosorog-St_Petersburg_Northwestern_District.html
Красная Собака,"Маяковского, 36-38, Санкт-Петербург 191014 Россия",0.0,0,https://www.tripadvisor.ru/Restaurant_Review-g298507-d8347406-Reviews-Krasnaya_Sobaka-St_Petersburg_Northwestern_District.html
К'Ок,"Типанова, 8, Санкт-Петербург 196135 Россия",0.0,0,https://www.tripadvisor.ru/Restaurant_Review-g298507-d8347332-Reviews-K_Ok-St_Petersburg_Northwestern_District.html
Инсомния,"Полтавская, 8, Санкт-Петербург 191024 Россия",0.0,0,https://www.tripadvisor.ru/Restaurant_Review-g298507-d8347232-Reviews-Insomnia-St_Petersburg_Northwestern_District.html
Город,"Королёва проспект, 61, Санкт-Петербург 197350 Россия",0.0,0,https://www.tripadvisor.ru/Restaurant_Review-g298507-d8346670-Reviews-Gorod-St_Petersburg_Northwestern_District.html
Фирма Канопус,"Восстания, 12, Санкт-Петербург 191014 Россия",0.0,0,https://www.tripadvisor.ru/Restaurant_Review-g298507-d8346460-Reviews-Firma_Kanopus-St_Petersburg_Northwestern_District.html
Эври Дей,"Авиаконструкторов проспект, 2 корп. 1, Санкт-Петербург 197373 Россия",0.0,0,https://www.tripadvisor.ru/Restaurant_Review-g298507-d8346360-Reviews-Every_Day-St_Petersburg_Northwestern_District.html
Европейский,"Лиговский проспект, 137, Санкт-Петербург 191119 Россия",0.0,0,https://www.tripadvisor.ru/Restaurant_Review-g298507-d8346355-Reviews-Europeiskiy-St_Petersburg_Northwestern_District.html
Атами,"Гжатская, 22 корп. 3, Санкт-Петербург 195220 Россия",0.0,0,https://www.tripadvisor.ru/Restaurant_Review-g298507-d8344503-Reviews-Atami-St_Petersburg_Northwestern_District.html
Ария,"Красноармейская 7-я, 28-30, Санкт-Петербург 190005 Россия",0.0,0,https://www.tripadvisor.ru/Restaurant_Review-g298507-d8344352-Reviews-Ariya-St_Petersburg_Northwestern_District.html
Галерея Экспериментального Звука 21,"Лиговский пр., д. 53, флигель Б, Санкт-Петербург Россия",0.0,0,https://www.tripadvisor.ru/Restaurant_Review-g298507-d3766422-Reviews-Galereya_Experimentalnogo_Zvuka_21-St_Petersburg_Northwestern_District.html
Алекс,"Большой проспект В.О., 83, Санкт-Петербург 199106 Россия",0.0,0,https://www.tripadvisor.ru/Restaurant_Review-g298507-d8344194-Reviews-Aleks-St_Petersburg_Northwestern_District.html
ОСТРОВ HOOKAH BAR,"Фурштатская, 33, Санкт-Петербург 191123 Россия",0.0,0,https://www.tripadvisor.ru/Restaurant_Review-g298507-d15647555-Reviews-Ostrov_Hookah_Bar-St_Petersburg_Northwestern_District.html
ИДИКОМНЕ,"ул. Казанская, 7 В, Санкт-Петербург 191186 Россия",0.0,0,https://www.tripadvisor.ru/Restaurant_Review-g298507-d10501102-Reviews-IDIKOMNE-St_Petersburg_Northwestern_District.html
Bar Come On,"Новгородский проспект, 10 Шушары, Санкт-Петербург 196626 Россия",0.0,0,https://www.tripadvisor.ru/Restaurant_Review-g298507-d15121453-Reviews-Bar_Come_On-St_Petersburg_Northwestern_District.html
День и Ночь,"Купчинская, 32 к1, Санкт-Петербург 192283 Россия",0.0,0,https://www.tripadvisor.ru/Restaurant_Review-g298507-d6118736-Reviews-Day_Night-St_Petersburg_Northwestern_District.html
Eclectic Bar,"Радищева, 38/20, Санкт-Петербург 191123 Россия",0.0,0,https://www.tripadvisor.ru/Restaurant_Review-g298507-d14918270-Reviews-Eclectic_Bar-St_Petersburg_Northwestern_District.html
Лагуна,"Комсомольская 2-я, 27 к2а, Санкт-Петербург 198264 Россия",0.0,0,https://www.tripadvisor.ru/Restaurant_Review-g298507-d6119157-Reviews-Laguna-St_Petersburg_Northwestern_District.html
Cheesy RoxY,"ул. Колокольная, 3, Санкт-Петербург 191025 Россия",0.0,0,https://www.tripadvisor.ru/Restaurant_Review-g298507-d12497421-Reviews-Cheesy_RoxY-St_Petersburg_Northwestern_District.html
Абсент бар,"Октябрьская, 4 лит. А, Колпино, Санкт-Петербург 196655 Россия",0.0,0,https://www.tripadvisor.ru/Restaurant_Review-g2393864-d8344128-Reviews-Absent-Kolpino_Kolpinsky_District_St_Petersburg_Northwestern_District.html
Шашлык-Машлык,"Танкистов, 28 лит. А, Колпино, Санкт-Петербург 196650 Россия",0.0,0,https://www.tripadvisor.ru/Restaurant_Review-g2393864-d8349643-Reviews-Shashlyk_Mashlyk-Kolpino_Kolpinsky_District_St_Petersburg_Northwestern_District.html
Заимка,"Малиновская, 11, Пушкин, Санкт-Петербург 196602 Россия",0.0,0,https://www.tripadvisor.ru/Restaurant_Review-g811323-d8351464-Reviews-Zaimka-Pushkin_Pushkinsky_District_St_Petersburg_Northwestern_District.html
Терем,"Ленина проспект, 41 корп. 2, Колпино, Санкт-Петербург 196650 Россия",0.0,0,https://www.tripadvisor.ru/Restaurant_Review-g2393864-d8350591-Reviews-Terem-Kolpino_Kolpinsky_District_St_Petersburg_Northwestern_District.html
Coverdale,"Набережная канала Грибоедова, 36, Санкт-Петербург 191023 Россия",0.0,0,https://www.tripadvisor.ru/Restaurant_Review-g298507-d6117940-Reviews-Coverdale-St_Petersburg_Northwestern_District.html
Darmagi Cocktail Bar,"Каменноостровский проспект, 44-42, Санкт-Петербург 191036 Россия",0.0,0,https://www.tripadvisor.ru/Restaurant_Review-g298507-d18718981-Reviews-Darmagi_Cocktail_Bar-St_Petersburg_Northwestern_District.html
Якобы бар,"Авиаконструкторов пр-кт., дом 32, корпус 2, Санкт-Петербург Россия",0.0,0,https://www.tripadvisor.ru/Restaurant_Review-g298507-d3757234-Reviews-Yakoby_Bar-St_Petersburg_Northwestern_District.html
Ibiza,"Приморское шоссе, 1а, Сестрорецк, Санкт-Петербург 197739 Россия",0.0,0,https://www.tripadvisor.ru/Restaurant_Review-g2345793-d6117729-Reviews-Ibiza-Sestroretsk_Kurortny_District_St_Petersburg_Northwestern_District.html
Lounge P.S. Bar,"Невский пр-т, 81, Санкт-Петербург 191040 Россия",0.0,0,https://www.tripadvisor.ru/Restaurant_Review-g298507-d20360469-Reviews-Lounge_P_S_Bar-St_Petersburg_Northwestern_District.html
Bar Comeback,"Разъезжая, 34, Санкт-Петербург 191119 Россия",0.0,0,https://www.tripadvisor.ru/Restaurant_Review-g298507-d15231501-Reviews-Bar_Comeback-St_Petersburg_Northwestern_District.html
Ноу Рутс Бар,"Правды, 17, Санкт-Петербург 191119 Россия",0.0,0,https://www.tripadvisor.ru/Restaurant_Review-g298507-d15010700-Reviews-No_Roots_Bar-St_Petersburg_Northwestern_District.html
Mishka Shop&Bar,"Каштановая аллея, 3, Санкт-Петербург 192284 Россия",0.0,0,https://www.tripadvisor.ru/Restaurant_Review-g298507-d15010491-Reviews-Mishka_Shop_Bar-St_Petersburg_Northwestern_District.html
Валета,"Опочинина ул., д. 27, Санкт-Петербург Россия",0.0,0,https://www.tripadvisor.ru/Restaurant_Review-g298507-d3759712-Reviews-Valeta-St_Petersburg_Northwestern_District.html
QUINTA. Porto & Cocktails,"ул. Жуковского, д. 1, Санкт-Петербург Россия",0.0,0,https://www.tripadvisor.ru/Restaurant_Review-g298507-d13003260-Reviews-QUINTA_Porto_Cocktails-St_Petersburg_Northwestern_District.html
Цифровой бар D3C0D3 | DECODE,"Большой пр. В.О., 22, Санкт-Петербург 199034 Россия",0.0,0,https://www.tripadvisor.ru/Restaurant_Review-g298507-d10122314-Reviews-Digital_Bar_D3C0D3_DECODE-St_Petersburg_Northwestern_District.html
Hand Werpen Pub,"Ждановская наб., 7, Санкт-Петербург Россия",0.0,0,https://www.tripadvisor.ru/Restaurant_Review-g298507-d10841690-Reviews-Hand_Werpen_Pub-St_Petersburg_Northwestern_District.html
AMA Lounge Bar,"Можайская, 31 Цокольный этаж, вход в арке, Санкт-Петербург 190013 Россия",0.0,0,https://www.tripadvisor.ru/Restaurant_Review-g298507-d15339747-Reviews-AMA_Lounge_Bar-St_Petersburg_Northwestern_District.html
Бар Повторить?,"ул. Радищева, 38, Санкт-Петербург Россия",0.0,0,https://www.tripadvisor.ru/Restaurant_Review-g298507-d11045487-Reviews-Bar_Povtorit-St_Petersburg_Northwestern_District.html
Чик'с Бар,"Садовая, 42, Санкт-Петербург 190031 Россия",0.0,0,https://www.tripadvisor.ru/Restaurant_Review-g298507-d8345721-Reviews-Chik_s_Bar-St_Petersburg_Northwestern_District.html
Палата №6,"Чехова, 17, Санкт-Петербург 191014 Россия",0.0,0,https://www.tripadvisor.ru/Restaurant_Review-g298507-d20175806-Reviews-Ward_No_6-St_Petersburg_Northwestern_District.html
На Волне,"Красноармейская 6-я, 9/11, Санкт-Петербург 190005 Россия",0.0,0,https://www.tripadvisor.ru/Restaurant_Review-g298507-d8348214-Reviews-Na_Volne-St_Petersburg_Northwestern_District.html
Holy Hop,"Новоколомяжский проспект, 11, Санкт-Петербург 197375 Россия",0.0,0,https://www.tripadvisor.ru/Restaurant_Review-g298507-d18716377-Reviews-Holy_Hop-St_Petersburg_Northwestern_District.html
Hoptimist Bar,"Невский Проспект 103, Санкт-Петербург 191036 Россия",0.0,0,https://www.tripadvisor.ru/Restaurant_Review-g298507-d14179043-Reviews-Hoptimist_Bar-St_Petersburg_Northwestern_District.html
То Место,"Красноармейская 7-я, 3Б, Санкт-Петербург 190005 Россия",0.0,0,https://www.tripadvisor.ru/Restaurant_Review-g298507-d8350694-Reviews-To_Mesto-St_Petersburg_Northwestern_District.html
Бирлога,"Некрасова, 25, Санкт-Петербург 191014 Россия",0.0,0,https://www.tripadvisor.ru/Restaurant_Review-g298507-d7695282-Reviews-Beerloga-St_Petersburg_Northwestern_District.html
BarStudio 1/28,"ул. Ломоносова 1/28, Санкт-Петербург 191011 Россия",0.0,0,https://www.tripadvisor.ru/Restaurant_Review-g298507-d14945550-Reviews-BarStudio_1_28-St_Petersburg_Northwestern_District.html
Кости бар,"Ковенский пер., 22-24, Санкт-Петербург 191014 Россия",0.0,0,https://www.tripadvisor.ru/Restaurant_Review-g298507-d11850386-Reviews-Kosti_Bar-St_Petersburg_Northwestern_District.html
Животоff,"Королёва проспект, 61, Санкт-Петербург 197350 Россия",0.0,0,https://www.tripadvisor.ru/Restaurant_Review-g298507-d8351688-Reviews-Zhivotoff-St_Petersburg_Northwestern_District.html
Brewmen Taproom,"набережная реки Мойки, 56, Санкт-Петербург 190000 Россия",0.0,0,https://www.tripadvisor.ru/Restaurant_Review-g298507-d19629299-Reviews-Brewmen_Taproom-St_Petersburg_Northwestern_District.html
Талисман,"Тимуровская, 26 корп. 1 лит. А, Санкт-Петербург 195297 Россия",0.0,0,https://www.tripadvisor.ru/Restaurant_Review-g298507-d8350501-Reviews-Talisman-St_Petersburg_Northwestern_District.html
Всевсад,"Восстания, 37-39, Санкт-Петербург 191014 Россия",0.0,0,https://www.tripadvisor.ru/Restaurant_Review-g298507-d8351300-Reviews-Vsevsad-St_Petersburg_Northwestern_District.html
Встреча,"Авиаконструкторов проспект, 32 корп. 2, Санкт-Петербург 197373 Россия",0.0,0,https://www.tripadvisor.ru/Restaurant_Review-g298507-d8351310-Reviews-Vstrecha-St_Petersburg_Northwestern_District.html
Сансет Лаунж,"Большой проспект П.С., 41 лит. Б, Санкт-Петербург 197198 Россия",0.0,0,https://www.tripadvisor.ru/Restaurant_Review-g298507-d8350336-Reviews-Sunset_Lounge-St_Petersburg_Northwestern_District.html
Шейкер,"Каменноостровский проспект, 47, Санкт-Петербург 197022 Россия",0.0,0,https://www.tripadvisor.ru/Restaurant_Review-g298507-d8349551-Reviews-Shaker-St_Petersburg_Northwestern_District.html
Руспина,"Седова, 20, Санкт-Петербург 192148 Россия",0.0,0,https://www.tripadvisor.ru/Restaurant_Review-g298507-d8349338-Reviews-Ruspina-St_Petersburg_Northwestern_District.html
